Workbook
Name Horas5Min: Configuracion!$A$1:$A$288
Name Horas5MinAmbos: Configuracion!$B$1:$B$288
Name HorasCadaMinuto: Configuracion!$C$1:$C$1440
Name ListaMaquinas: Configuracion!$D$1:$D$48

Sheet MAQUINAS
A1: MAQUINAS | B1: AREA
A3: WNT | B3: CORTE
A4: SELCO2 | B4: CORTE
A5: SELCO3 | B5: CORTE
A6: SELCO4 | B6: CORTE
A7: HOMAG400 | B7: CORTE
A9: HOMAG500 | B9: ENCHAPE
A10: HOMAGKL310 | B10: ENCHAPE
A11: STREAM1 | B11: ENCHAPE
A12: STREAM2 | B12: ENCHAPE
A13: STREAM3 | B13: ENCHAPE
A14: AKRON1 | B14: ENCHAPE
... A55: ESTIBADOR DE BATERIA | B55: CEDI

Sheet TECNICOS
A1: TECNICO1 | B1: TECNICO2
A2: WILLIAN DIAZ
A3: JAIRO ISAZA
A4: DAIRON MENESES
A5: LEONARDO ALVAREZ
A6: BAYRON LOPEZ
A7: HEBERT CHAPUEL
A8: ESTEBAN ROSERO
A9: BRANDON RAMOS
A10: DAVID PANTOJA
A11: CARLOS LUGO
A12: JULIO DAZA
A13: JHOAN MOTATO

Sheet Configuracion
A1: 0 | B1: 12:00 AM (00:00) | C1: 0 | D1: WNT
A2: 0.0034722222 | B2: 12:05 AM (00:05) | C2: 0.00069444444 | D2: SELCO2
A3: 0.0069444444 | B3: 12:10 AM (00:10) | C3: 0.0013888889 | D3: SELCO3
A4: 0.010416667 | B4: 12:15 AM (00:15) | C4: 0.0020833333 | D4: SELCO4
A5: 0.013888889 | B5: 12:20 AM (00:20) | C5: 0.0027777778 | D5: HOMAG400
A6: 0.017361111 | B6: 12:25 AM (00:25) | C6: 0.0034722222 | D6: HOMAG500
A7: 0.020833333 | B7: 12:30 AM (00:30) | C7: 0.0041666667 | D7: HOMAGKL310
A8: 0.024305556 | B8: 12:35 AM (00:35) | C8: 0.0048611111 | D8: STREAM1
A9: 0.027777778 | B9: 12:40 AM (00:40) | C9: 0.0055555556 | D9: STREAM2
A10: 0.03125 | B10: 12:45 AM (00:45) | C10: 0.00625 | D10: STREAM3
A11: 0.034722222 | B11: 12:50 AM (00:50) | C11: 0.0069444444 | D11: AKRON1
A12: 0.038194444 | B12: 12:55 AM (00:55) | C12: 0.0076388889 | D12: AKRON2
... A48: 0.16319444 | B48: 03:55 AM (03:55) | C48: 0.032638889 | D48: ESTIBADOR DE BATERIA
A49: 0.16666667 | B49: 04:00 AM (04:00) | C49: 0.033333333
A50: 0.17013889 | B50: 04:05 AM (04:05) | C50: 0.034027778
A51: 0.17361111 | B51: 04:10 AM (04:10) | C51: 0.034722222
A52: 0.17708333 | B52: 04:15 AM (04:15) | C52: 0.035416667
A53: 0.18055556 | B53: 04:20 AM (04:20) | C53: 0.036111111
A54: 0.18402778 | B54: 04:25 AM (04:25) | C54: 0.036805556
A55: 0.1875 | B55: 04:30 AM (04:30) | C55: 0.0375
A56: 0.19097222 | B56: 04:35 AM (04:35) | C56: 0.038194444
A57: 0.19444444 | B57: 04:40 AM (04:40) | C57: 0.038888889
A58: 0.19791667 | B58: 04:45 AM (04:45) | C58: 0.039583333
A59: 0.20138889 | B59: 04:50 AM (04:50) | C59: 0.040277778
A60: 0.20486111 | B60: 04:55 AM (04:55) | C60: 0.040972222
... A288: 0.99652778 | B288: 11:55 PM (23:55) | C288: 0.19930556
C289: 0.2
C290: 0.20069444
C291: 0.20138889
C292: 0.20208333
C293: 0.20277778
C294: 0.20347222
C295: 0.20416667
C296: 0.20486111
C297: 0.20555556
C298: 0.20625
C299: 0.20694444
C300: 0.20763889
... C1440: 0.99930556

Sheet Agosto
A1: MAQUINAS | B1: AREA | C1: HORA INICIO | D1: HORA FIN | E1: TIEMPO REAL | F1: NUMERO DE SOLICITUD | G1: DAÑO | H1: REPARACION | I1: TECNICO 1 | J1: TECNICO2 | K1: TECNICO3 | M1: QUIEN REPARA | O1: REPUESTOS ITEM 1 | P1: CANTIDAD 1 | Q1: DESCRIPCION 1 | R1: REPUESTOS ITEM 2 | S1: CANTIDAD 2 | T1: DESCRIPCION 2 | V1: REPUESTOS ITEM 3 | W1: CANTIDAD 3 | X1: DESCRIPCION 3 | Z1: REPUESTOS ITEM 4 | AA1: CANTIDAD 4 | AB1: DESCRIPCION 4
E2: =IF(OR(C2="",D2=""),"",MOD(D2-C2,1)) | L2: =_xlfn.TEXTJOIN(", ",TRUE,I2:K2)
E4: =IF(OR(C4="",D4=""),"",MOD(D4-C4,1))
B5: =IF(A5="","",_xlfn.XLOOKUP(A5,MAQUINAS!$A$3:$A$55,MAQUINAS!$B$3:$B$55,"No encontrada")) | E5: =IF(OR(C5="",D5=""),"",MOD(D5-C5,1))
B6: =IF(A6="","",_xlfn.XLOOKUP(A6,MAQUINAS!$A$3:$A$55,MAQUINAS!$B$3:$B$55,"No encontrada")) | E6: =IF(OR(C6="",D6=""),"",MOD(D6-C6,1))
B7: =IF(A7="","",_xlfn.XLOOKUP(A7,MAQUINAS!$A$3:$A$55,MAQUINAS!$B$3:$B$55,"No encontrada")) | E7: =IF(OR(C7="",D7=""),"",MOD(D7-C7,1))
B8: =IF(A8="","",_xlfn.XLOOKUP(A8,MAQUINAS!$A$3:$A$55,MAQUINAS!$B$3:$B$55,"No encontrada")) | E8: =IF(OR(C8="",D8=""),"",MOD(D8-C8,1))
B9: =IF(A9="","",_xlfn.XLOOKUP(A9,MAQUINAS!$A$3:$A$55,MAQUINAS!$B$3:$B$55,"No encontrada")) | E9: =IF(OR(C9="",D9=""),"",MOD(D9-C9,1))
B10: =IF(A10="","",_xlfn.XLOOKUP(A10,MAQUINAS!$A$3:$A$55,MAQUINAS!$B$3:$B$55,"No encontrada")) | E10: =IF(OR(C10="",D10=""),"",MOD(D10-C10,1))
B11: =IF(A11="","",_xlfn.XLOOKUP(A11,MAQUINAS!$A$3:$A$55,MAQUINAS!$B$3:$B$55,"No encontrada")) | E11: =IF(OR(C11="",D11=""),"",MOD(D11-C11,1))
B12: =IF(A12="","",_xlfn.XLOOKUP(A12,MAQUINAS!$A$3:$A$55,MAQUINAS!$B$3:$B$55,"No encontrada")) | E12: =IF(OR(C12="",D12=""),"",MOD(D12-C12,1))
B13: =IF(A13="","",_xlfn.XLOOKUP(A13,MAQUINAS!$A$3:$A$55,MAQUINAS!$B$3:$B$55,"No encontrada")) | E13: =IF(OR(C13="",D13=""),"",MOD(D13-C13,1))
B14: =IF(A14="","",_xlfn.XLOOKUP(A14,MAQUINAS!$A$3:$A$55,MAQUINAS!$B$3:$B$55,"No encontrada")) | E14: =IF(OR(C14="",D14=""),"",MOD(D14-C14,1))
B15: =IF(A15="","",_xlfn.XLOOKUP(A15,MAQUINAS!$A$3:$A$55,MAQUINAS!$B$3:$B$55,"No encontrada")) | E15: =IF(OR(C15="",D15=""),"",MOD(D15-C15,1))
B16: =IF(A16="","",_xlfn.XLOOKUP(A16,MAQUINAS!$A$3:$A$55,MAQUINAS!$B$3:$B$55,"No encontrada")) | E16: =IF(OR(C16="",D16=""),"",MOD(D16-C16,1))
... B1000: =IF(A1000="","",_xlfn.XLOOKUP(A1000,MAQUINAS!$A$3:$A$55,MAQUINAS!$B$3:$B$55,"No encontrada")) | E1000: =IF(OR(C1000="",D1000=""),"",MOD(D1000-C1000,1))

Sheet Hoja1

Sheet Septiembre
